1,Abyss Hammer,20000,
2,Abyssador's Lash,,
3,Acorn,,
4,Albino Plate,,
5,Alloy Legs,11000,
6,Amazon Armor,,
7,Amazon Helmet,,
8,Amazon Shield,,
9,Amber Staff,8000,
10,Amphora,,
11,Amulet of Loss,,
12,Ancient Amulet,200,
13,Ancient Belt Buckle,260,
14,Ancient Coin,350,
15,Ancient Shield,900,
16,Ancient Stone,200,
17,Ancient Tiara,,
18,Ancient Watch,,
19,Angelic Axe,5000,
20,Ankh,,
21,Antlers,50,0.90
22,Ape Fur,,1.2
23,Arbalest,,
24,Arcane Staff,,
25,Arrow,,
26,Assassin Dagger,20000,
27,Assassin Star,100,
28,Astral Glyph,,
29,Astral Shaper Rune,,
30,Astral Source,,
31,Axe,7,
32,Axe of Carving,,
33,Axe of Mayhem,,
34,Axe of Remedy,,
35,Axe Ring,100,
36,Badger Boots,7500,
37,Badger Fur,15,0.65
38,Bag of Apple Slices,,
39,Ball Gown,,
40,Bamboo Leaves,,
41,Bamboo Stick,30,
42,Banana,,
43,Banana Sash,55,
44,Banana Staff,,
45,Bandana,150,
46,Bar of Chocolate,,
47,Bar of Chocolate,,
48,Bar of Gold,,
49,Barbarian Axe,185,
50,Basalt Fetish,210,
51,Basalt Figurine,160,
52,Bast Skirt,,
53,Bat Decoration,2000,
54,Bat Wing,,
55,Battle Axe,80,
56,Battle Hammer,120,
57,Battle Shield,95,
58,Battle Stone,290,
59,Batwing Hat,8000,
60,Bear Paw,,
61,Beastslayer Axe,1500,
62,Beetle Carapace,200,
63,Beetle Necklace,1500,
64,Behemoth Claw,2000,
65,Behemoth Trophy,20000,
66,Belted Cape,500,
67,Berserk Potion,,
68,Berserker,40000,
69,Black Hood,190,
70,Black Pearl,280,
71,Black Shield,800,
72,Black Skull,4000,
73,Black Wool,300,
74,Blacksteel Sword,6000,
75,Blade of Carving,,
76,Blade of Corruption,60000,
77,Blade of Mayhem,,
78,Blade of Remedy,,
79,Blazing Bone,,
80,Blessed Sceptre,40000,
81,Blessed Shield,,
82,Blood Goblet,10000,
83,Blood Preservation,310,0.8
84,Blood Tincture in a Vial,,6.30
85,Bloody Dwarven Beard,110,
86,Bloody Edge,30000,
87,Bloody Pincers,,1.2
88,Blue Book,20,
89,Blue Crystal Shard,1500,
90,Blue Crystal Splinter,400,
91,Blue Gem,5000,
92,Blue Legs,,
93,Blue Piece of Cloth,,
94,Blue Robe,10000,
95,Blue Sphere,,
96,Blue Tapestry,,
97,Boggy Dreads,200,1.69
98,Bola,35,
99,Bolt,,
100,Bone Club,5,
101,Bone Fetish,150,
102,Bone Shield,80,
103,Bone Shoulderplate,150,
104,Bone Sword,20,
105,Bone Toothpick,150,
106,Bonebeast Trophy,6000,
107,Bonebreaker,10000,
108,Bonecarving Knife,190,
109,Bonelord Eye,,
110,Bonelord Helmet,7500,
111,Bonelord Shield,1200,
112,Bones of Zorvorax,10000,
113,Bony Tail,210,
114,Book of Lies,,
115,Book of Necromantic Rituals,180,
116,Book of Prayers,120,
117,Boots of Haste,30000,
118,Boots of Homecoming,,
119,Boots of Waterwalking,,
120,Bow,130,
121,Bow of Carving,,
122,Bow of Mayhem,,
123,Bow of Remedy,,
124,Bowl of Terror Sweat,500,
125,Brass Armor,150,
126,Brass Helmet,30,
127,Brass Legs,49,
128,Brass Shield,25,
129,Bright Sword,6000,
130,Brimstone Fangs,,1.12
131,Brimstone Shell,,
132,Broadsword,500,
133,Broken Crossbow,30,
134,Broken Draken Mail,340,
135,Broken Gladiator Shield,190,
136,Broken Halberd,100,
137,Broken Helmet,20,
138,Broken Key Ring,8000,
139,Broken Ring of Ending,4000,
140,Broken Shamanic Staff,,
141,Broken Slicer,120,
142,Broken Throwing Axe,230,
143,Broken Visor,1900,
144,Broken Wedding Ring,,
145,Broken Wooden Shield,,
146,Bronze Amulet,50,
147,Bronze Necklace,,
148,Brown Crystal Splinter,400,
149,Brown Flask,,
150,Brown Mushroom,10,
151,Brown Piece of Cloth,,
152,Brutetamer's Staff,1500,
153,Brutus Bloodbeard's Hat,,
154,Buckle,7000,
155,Buggy Backpack,,
156,Bullseye Potion,,
157,Bunch of Ripe Rice,75,
158,Bunch of Troll Hair,30,
159,Bundle of Cursed Straw,800,
160,Bunnyslippers,,
161,Burst Arrow,,
162,Butcher's Axe,18000,
163,Calopteryx Cape,15000,
164,Cape,,
165,Carapace Shield,32000,
166,Carlin Sword,118,
167,Carniphila Seeds,50,0.35
168,Carrion Worm Fang,35,
169,Carrot on a Stick,,
170,Castle Shield,5000,
171,Cat's Paw,2000,
172,Cavebear Skull,,
173,Centipede Leg,28,
174,Ceremonial Mask,,
175,Chain Armor,70,
176,Chain Bolter,,
177,Chain Helmet,17,
178,Chain Legs,25,
179,Chaos Mace,9000,
180,Charmer's Tiara,900,
181,Cheese Cutter,50,
182,Cheesy Figurine,150,
183,Chicken Feather,,
184,Chocolatey Dragon Scale Legs,,
185,Chopper of Carving,,
186,Chopper of Mayhem,,
187,Chopper of Remedy,,
188,Christmas Token,,
189,Cian Crystal Fragment,800,
190,Claw of 'The Noxious Spawn',,
191,Clay Lump,,
192,Clerical Mace,170,
193,Cliff Strider Claw,800,
194,Club,1,
195,Club of the Fury,,
196,Club Ring,100,
197,Cluster of Solace,,
198,Coal,20,5
199,Coal Eyes,,
200,Coat,1,
201,Cobra Crown,50000,
202,Cobra Tongue,,
203,Cockroach Leg,,
204,Coconut Shoes,,
205,Collar of Blue Plasma,,
206,Collar of Green Plasma,,
207,Collar of Red Plasma,,
208,Colourful Feather,110,
209,Colourful Feathers,,4.5
210,Combat Knife,1,
211,Compass,45,
212,Composite Hornbow,25000,
213,Compound Eye,150,
214,Condensed Energy,260,
215,Control Unit,,
216,Copper Shield,50,
217,Copper Token,,
218,Coral Brooch,750,
219,Coral Comb,,
220,Corrupted Flag,700,
221,Countess Sorrow's Frozen Tear,,
222,Cowbell,210,
223,Cowtana,2500,
224,Crab Pincers,35,1.75
225,Cracked Alabaster Vase,,
226,Crackling Egg,,
227,Cranial Basher,30000,
228,Crawler Head Plating,210,
229,Crest of the Deep Seas,10000,
230,Crimson Sword,610,
231,Crocodile Boots,1000,
232,Crossbow,160,
233,Crossbow of Carving,,
234,Crossbow of Mayhem,,
235,Crossbow of Remedy,,
236,Crowbar,50,
237,Crowbar,50,
238,Crown,,
239,Crown Armor,12000,
240,Crown Helmet,2500,
241,Crown Legs,12000,
242,Crown Shield,8000,
243,Crude Umbral Axe,,
244,Crude Umbral Blade,,
245,Crude Umbral Bow,,
246,Crude Umbral Chopper,,
247,Crude Umbral Crossbow,,
248,Crude Umbral Hammer,,
249,Crude Umbral Mace,,
250,Crude Umbral Slayer,,
251,Crude Umbral Spellbook,,
252,Crusader Helmet,6000,
253,Crystal Ball,190,
254,Crystal Bone,250,
255,Crystal Boots,,
256,Crystal Coin,10000,
257,Crystal Crossbow,,
258,Crystal Mace,12000,
259,Crystal Necklace,400,
260,Crystal of Balance,1000,
261,Crystal of Focus,2000,
262,Crystal of Power,3000,
263,Crystal Pedestal,500,
264,Crystal Ring,250,
265,Crystal Sword,600,
266,Crystal Wand,10000,
267,Crystalline Armor,16000,
268,Crystalline Arrow,20,
269,Crystalline Axe,,
270,Crystalline Spikes,440,3.4
271,Crystalline Sword,,
272,Crystallized Anger,400,12
273,Cultish Mask,280,
274,Cultish Robe,150,
275,Cultish Symbol,500,
276,Curious Matter,430,4.5
277,Cursed Shoulder Spikes,320,0.97
278,Cyan Crystal Fragment,800,
279,Cyclops Toe,55,
280,Cyclops Trophy,500,
281,Dagger,2,
282,Damselfly Eye,25,
283,Damselfly Wing,20,
284,Dangerous Proto Matter,300,
285,Daramian Axe,,
286,Daramian Mace,110,
287,Daramian Waraxe,1000,
288,Dark Armor,400,
289,Dark Helmet,250,
290,Dark Lord's Cape,,
291,Dark Mushroom,100,
292,Dark Rosary,48,
293,Dark Shield,400,
294,Dark Trinity Mace,,
295,Dead Weight,450,
296,Deadeye Devious' Eye Patch,,
297,Death Gaze,,
298,Death Ring,1000,
299,Deathstrike's Snippet,,
300,Decorative Ribbon,,
301,Deepling Axe,40000,
302,Deepling Backpack,,
303,Deepling Breaktime Snack,90,
304,Deepling Claw,430,
305,Deepling Guard Belt Buckle,230,
306,Deepling Ridge,360,
307,Deepling Scales,80,
308,Deepling Squelcher,7000,
309,Deepling Staff,4000,
310,Deepling Warts,180,
311,Deeptags,290,
312,Deer Trophy,3000,
313,Demon Armor,,
314,Demon Dust,,1
315,Demon Helmet,40000,
316,Demon Horn,1000,
317,Demon Legs,,
318,Demon Shield,30000,
319,Demon Trophy,40000,
320,Demonbone Amulet,32000,
321,Demonic Essence,,1
322,Demonic Finger,1000,
323,Demonic Skeletal Hand,80,
324,Demonic Tapestry,,
325,Demonrage Sword,36000,
326,Demonwing Axe,,
327,Depth Calcei,,
328,Depth Galea,,
329,Depth Lorica,,
330,Depth Ocrea,,
331,Depth Scutum,36000,
332,Devil Helmet,1000,
333,Devourer Core,,
334,Diamond Sceptre,3000,
335,Diapason,,
336,Didgeridoo,,
337,Dirty Turban,120,
338,Disgusting Trophy,,
339,Divine Plate,55000,
340,Djinn Blade,,
341,Document of the Follower,,
342,Document of the Leader,,
343,Document of the Officer,,
344,Doll,200,
345,Double Axe,260,
346,Doublet,3,
347,Downy Feather,20,
348,Dowser,35,
349,Drachaku,,
350,Dracola's Eye,,
351,Dracoyle Statue,5000,
352,Dragon Blood,500,3.5
353,Dragon Claw,,
354,Dragon Crown,,
355,Dragon Hammer,2000,
356,Dragon Lance,9000,
357,Dragon Lord Trophy,10000,
358,Dragon Necklace,,
359,Dragon Priest's Wandtip,175,
360,Dragon Robe,,
361,Dragon Scale Boots,,
362,Dragon Scale Helmet,,
363,Dragon Scale Legs,,
364,Dragon Scale Mail,40000,
365,Dragon Shield,4000,
366,Dragon Slayer,15000,
367,Dragonbone Staff,3000,
368,Dragonfetish,,
369,Dragon's Tail,100,
370,Draken Boots,40000,
371,Draken Sulphur,,0.68
372,Draken Trophy,15000,
373,Draken Wristbands,430,0.78
374,Drakinata,10000,
375,Draptor Scales,,2
376,Dreaded Cleaver,15000,
377,Dream Matter,,3.90
378,Dream Warden Claw,,
379,Dream Warden Mask,,
380,Drill Bolt,12,
381,Dubious Piece of Cloth,,
382,Dung Ball,,
383,Dwarven Armor,,
384,Dwarven Axe,1500,
385,Dwarven Helmet,,
386,Dwarven Legs,,
387,Dwarven Ring,,
388,Dwarven Shield,100,
389,Eagle Shield,,
390,Earflap,40,
391,Earth Arrow,,
392,Earthborn Titan Armor,,
393,Earthheart Cuirass,,
394,Earthheart Hauberk,,
395,Earthheart Platemail,,
396,Earthmind Raiment,,
397,Earthsoul Tabard,,
398,Ectoplasmic Sushi,300,4
399,Eerie Song Book,,
400,Egg of The Many,,
401,Elane's Crossbow,,
402,Elder Bonelord Tentacle,150,
403,Elemental Spikes,,
404,Elethriel's Elemental Bow,,
405,Elite Draken Helmet,,
406,Elite Draken Mail,50000,
407,Elven Amulet,,
408,Elven Astral Observer,90,
409,Elven Hoof,,
410,Elven Mail,,
411,Elven Scouting Glass,,
412,Elvish Bow,2000,
413,Elvish Talisman,45,
414,Emerald Bangle,800,
415,Empty Goldfish Bowl,,
416,Enchanted Chicken Wing,,
417,Enchanted Spear,,
418,Enchanted Werewolf Amulet,,
419,Enchanted Werewolf Helmet,,
420,Energy Ball,300,
421,Energy Ring,100,
422,Energy Soil,2000,2.5
423,Energy Vein,270,
424,Engraved Wedding Ring,,
425,Envenomed Arrow,,
426,Epee,8000,
427,Essence of a Bad Dream,360,
428,Essence of Dread,,0.3
429,Essence of Wishful Thinking,,0.3
430,Eternal Flames,,2.5
431,Ethno Coat,200,
432,Execowtioner Axe,12000,
433,Execowtioner Mask,240,
434,Executioner,55000,
435,Eye of a Deepling,150,
436,Eye of a Weeper,650,
437,Eye of Corruption,390,
438,Eye Patch,,
439,Eye Pod,,
440,Family Signet Ring,,
441,Farmer's Avenger,,
442,Feather Headdress,850,
443,Feedbag,,
444,Ferumbras' Amulet,,
445,Ferumbras' Hat,,
446,Ferumbras' Mana Keg,,
447,Ferumbras' Staff,,
448,Fiery Heart,,
449,Fiery Rainbow Shield,,
450,Filthy Bunnyslippers,,
451,Fir Cone,25,
452,Fire Axe,8000,
453,Fire Mushroom,200,
454,Fire Sword,4000,
455,Fireborn Giant Armor,,
456,Fireheart Cuirass,,
457,Fireheart Hauberk,,
458,Fireheart Platemail,,
459,Firemind Raiment,,
460,Fireproof Horn,,
461,Firesoul Tabard,,
462,Firewalker Boots,,
463,Fish Fin,,
464,Fishing Rod,40,
465,Fist on a Stick,,
466,Flaming Arrow,,
467,Flash Arrow,,
468,Flask of Embalming Fluid,30,
469,Flask of Rust Remover,50,
470,Flask of Warrior's Sweat,,
471,Flawless Ice Crystal,5000,
472,Flintstone,800,
473,Flower Dress,,
474,Flower Wreath,,
475,Focus Cape,6000,
476,Folded Rift Carpet,,
477,Four-Leaf Clover,,
478,Foxtail,,
479,Frazzle Skin,400,
480,Frazzle Tongue,700,
481,Friendship Amulet,,
482,Frost Giant Pelt,160,
483,Frostheart Cuirass,,
484,Frostheart Hauberk,,
485,Frostheart Platemail,,
486,Frostmind Raiment,,
487,Frostsoul Tabard,,
488,Frosty Ear of a Troll,30,
489,Frosty Heart,280,
490,Frozen Lightning,270,
491,Frozen Plate,,
492,Frozen Time,,
493,Fur Armor,5,
494,Fur Boots,2000,
495,Fur Cap,,
496,Furious Frock,,
497,Furry Club,1000,
498,Garlic Necklace,50,
499,Gauze Bandage,90,
500,Gear Crystal,200,
501,Gear Wheel,,
502,Gearwheel Chain,5000,
503,Gemmed Book,100,
504,Gemmed Figurine,3500,
505,Geomancer's Robe,80,
506,Geomancer's Staff,120,
507,Ghastly Dragon Head,700,
508,Ghostly Tissue,90,
509,Ghoul Snack,60,
510,Giant Crab Pincer,,
511,Giant Eye,380,
512,Giant Pacifier,170,
513,Giant Shimmering Pearl,3000,
514,Giant Shrimp,,
515,Giant Smithhammer,250,
516,Giant Sword,17000,
517,Gill Coat,,
518,Gill Legs,,
519,Gill Necklace,,
520,Girlish Hair Decoration,30,
521,Girl's Dress,,
522,Glacial Rod,,
523,Glacier Amulet,1500,
524,Glacier Kilt,11000,
525,Glacier Mask,2500,
526,Glacier Robe,11000,
527,Glacier Shoes,2500,
528,Gland,,
529,Glass of Goo,,
530,Glimmering Soil,2000,2.5
531,Glistening Bone,250,
532,Glob of Acid Slime,25,
533,Glob of Glooth,150,
534,Glob of Mercury,20,
535,Glob of Tar,30,
536,Gloom Wolf Fur,,1.2
537,Glooth Amulet,2000,
538,Glooth Axe,1500,
539,Glooth Bag,,
540,Glooth Blade,1500,
541,Glooth Cape,7000,
542,Glooth Club,1500,
543,Glooth Injection Tube,350,
544,Glooth Spear,,
545,Glooth Steak,10,
546,Glooth Whip,2500,
547,Glorious Axe,3000,
548,Glow Wine,,
549,Glowing Carrot,,
550,Glutton's Mace,,
551,Gnomevil's Hat,,
552,Gnomish Voucher Type CA1,,
553,Gnomish Voucher Type CA2,,
554,Gnomish Voucher Type CB,,
555,Gnomish Voucher Type MA1,,
556,Gnomish Voucher Type MA2,,
557,Gnomish Voucher Type MB,,
558,Goblin Ear,20,
559,Gold Coin,1,
560,Gold Ingot,5000,
561,Gold Nugget,850,
562,Gold Ring,8000,
563,Gold Token,,
564,Golden Amulet,2000,
565,Golden Armor,20000,
566,Golden Boots,,
567,Golden Can of Oil,,
568,Golden Figurine,3000,
569,Golden Figurine,3000,
570,Golden Fir Cone,,
571,Golden Helmet,,
572,Golden Legs,30000,
573,Golden Lotus Brooch,270,
574,Golden Mug,250,
575,Golden Raid Token,,
576,Golden Sickle,1000,
577,Golden Talon,,
578,Golem Wrench,,
579,Goo Shell,,
580,Gooey Mass,,
581,Goosebump Leather,650,
582,Grasshopper Legs,15000,
583,Great Axe,,
584,Great Health Potion,190,
585,Great Mana Potion,120,
586,Great Shield,,
587,Great Spirit Potion,190,
588,Green Book,15,
589,Green Crystal Fragment,800,
590,Green Crystal Shard,1500,
591,Green Crystal Splinter,400,
592,Green Csytal Splinter,400,
593,Green Dragon Leather,100,0.6
594,Green Dragon Scale,100,
595,Green Gem,5000,
596,Green Mushroom,100,
597,Green Perch,,
598,Green Piece of Cloth,,
599,Green Tapestry,,
600,Green Tome,,
601,Green Tunic,,
602,Greenwood Coat,50000,
603,Grey Tome,,
604,Griffin Shield,3000,
605,Guardian Axe,9000,
606,Guardian Boots,35000,
607,Guardian Halberd,11000,
608,Guardian Shield,2000,
609,Hailstorm Rod,3000,
610,Hair of a Banshee,350,0.46
611,Halberd,400,
612,Half-Digested Piece of Meat,55,
613,Half-Eaten Brain,85,
614,Hammer of Carving,,
615,Hammer of Mayhem,,
616,Hammer of Prophecy,,
617,Hammer of Remedy,,
618,Hammer of Wrath,30000,
619,Hand Axe,5,
620,Hardened Bone,,
621,Harness,,
622,Hat of the Mad,,
623,Hatched Rorc Egg,30,
624,Hatchet,25,
625,Haunted Blade,8000,
626,Haunted Mirror Piece,,
627,Haunted Piece of Wood,115,
628,Havoc Blade,,
629,Headchopper,6000,
630,Health Potion,45,
631,Heat Core,10000,
632,Heaven Blossom,,
633,Heavy Mace,50000,
634,Heavy Machete,90,
635,Heavy Metal T-Shirt,,
636,Heavy Old Tome,,
637,Heavy Trident,2000,
638,Hell Portal,,
639,Hellforged Axe,,
640,Hellhound Slobber,500,0.75
641,Hellspawn Tail,475,
642,Helmet of Nature,,
643,Helmet of the Ancients,,
644,Helmet of the Deep,,
645,Helmet of The Lost,2000,
646,Helmet of Ultimate Terror,,
647,Hemp Rope,350,
648,Heroic Axe,30000,
649,Hibiscus Dress,3000,
650,Hideous Chunk,510,
651,Hieroglyph Banner,,
652,High Guard Flag,550,
653,High Guard Shoulderplates,130,1.03
654,Hive Bow,28000,
655,Hive Scythe,17000,
656,Hollow Stampor Hoof,,
657,Holy Ash,160,
658,Holy Falcon,,
659,Holy Orchid,,
660,Holy Scarab,,
661,Honeycomb,,
662,Hook,,
663,Horn of Kalyassa,10000,
664,Horned Helmet,,
665,Horoscope,40,
666,Horseman Helmet,280,
667,Huge Chunk of Crude Iron,,
668,Humongous Chunk,540,
669,Hunter's Quiver,80,
670,Hunting Horn,,
671,Hunting Spear,25,
672,Hydra Egg,500,
673,Hydra Head,600,
674,Ice Cube,,
675,Ice Cube,,
676,Ice Rapier,1000,
677,Iced Soil,2000,2.5
678,Icicle Bow,,
679,Icy Culottes,,
680,Icy Rainbow Shield,,
681,Impaler,,
682,Impaler of the Igniter,,
683,Incantation Notes,,4.40
684,Incredible Mumpiz Slayer,,
685,Inert Astral Shaper Rune,,
686,Infernal Bolt,,
687,Instable Proto Matter,300,6
688,Iron Hammer,9,
689,Iron Helmet,150,
690,Iron Loadstone,,
691,Iron Ore,,2
692,Iron Token,,
693,Jacket,1,
694,Jade Hammer,25000,
695,Jade Hat,9000,
696,Jagged Sword,,
697,Jaul's Pearl,,
698,Jester Hat,,
699,Jewel Case,,
700,Jewelled Backpack,,
701,Jewelled Belt,180,
702,Katana,35,
703,Key to Knowledge,,
704,Key to the Drowned Library,330,
705,Knife,1,
706,Knight Armor,5000,
707,Knight Axe,2000,
708,Knight Legs,5000,
709,Kollos Shell,420,
710,Kongra's Shoulderpad,100,
711,Koshei's Ancient Amulet,,
712,Krimhorn Helmet,200,
713,Lancer Beetle Shell,80,
714,Lancet,90,
715,Laurel Wreath,,
716,Lavos Armor,,
717,Leaf Legs,,
718,Leather Armor,12,
719,Leather Boots,2,
720,Leather Harness,750,
721,Leather Helmet,4,
722,Leather Legs,9,
723,Leather Whip,,
724,Leech,,
725,Legion Helmet,,
726,Legionnaire Flags,500,1.10
727,Leopard Armor,1000,
728,Leviathan's Amulet,3000,
729,Lich Staff,,
730,Life Crystal,,
731,Life Preserver,300,
732,Life Ring,,
733,Light Mace,,
734,Light Shovel,,
735,Light Shovel,300,
736,Lightning Boots,2500,
737,Lightning Headband,2500,
738,Lightning Legs,11000,
739,Lightning Pendant,1500,
740,Lightning Robe,11000,
741,Lion Trophy,3000,
742,Lion's Mane,,
743,Lisa's Doll,,
744,Lizard Essence,300,
745,Lizard Leather,,0.5
746,Lizard Scale,,
747,Lizard Trophy,8000,
748,Longsword,51,
749,Lost Basher's Spike,280,
750,Lost Bracers,140,2.90
751,Lost Husher's Staff,250,
752,Lucky Clover Amulet,,
753,Ludicrous Piece of Cloth,,
754,Luminous Orb,1000,
755,Luminous Piece of Cloth,,
756,Lump of Dirt,10,
757,Lump of Earth,130,
758,Lunar Staff,5000,
759,Lute,,
760,Lyre,,
761,Mace,30,
762,Mace of Carving,,
763,Mace of Mayhem,,
764,Mace of Remedy,,
765,Machete,6,
766,Mad Froth,80,1.60
767,Mage Hat,,
768,Mage's Cap,,
769,Magic Light Wand,35,
770,Magic Longsword,,
771,Magic Plate Armor,90000,
772,Magic Sulphur,,1
773,Magic Sword,,
774,Magician Hat,,
775,Magician's Robe,,
776,Magma Amulet,,
777,Magma Boots,2500,
778,Magma Clump,570,
779,Magma Coat,,
780,Magma Legs,11000,
781,Magma Monocle,2500,
782,Maimer,,
783,Major Crystalline Token,,
784,Mammoth Fur Cape,6000,
785,Mammoth Fur Shorts,850,
786,Mammoth Tusk,100,
787,Mammoth Whopper,300,
788,Mana Potion,50,
789,Mandrake,,
790,Mantassin Tail,280,
791,Marlin,500,
792,Marsh Stalker Beak,65,
793,Marsh Stalker Feather,50,
794,Master Archer's Armor,,
795,Mastermind Potion,,
796,Mastermind Shield,50000,
797,Maxilla,,
798,Maxilla Maximus,,
799,Mean Knight Sword,,
800,Mean Paladin Spear,,
801,Meat Shield,,
802,Medicine Pouch,,
803,Medusa Shield,9000,
804,Melting Horn,,
805,Menacing Egg,,
806,Mercenary Sword,12000,
807,Metal Bat,9000,
808,Metal Jaw,260,
809,Metal Spats,2000,
810,Metal Spike,320,
811,Metal Toe,430,
812,Midnight Shard,,
813,Might Ring,250,
814,Mighty Helm of Green Sparks,,
815,Mind Stone,170,
816,Mini Mummy,,
817,Mining Helmet,,
818,Mino Lance,7000,
819,Mino Shield,3000,
820,Minor Crystalline Token,,
821,Minotaur Horn,75,
822,Minotaur Leather,,0.4
823,Minotaur Trophy,500,
824,Miraculum,60,
825,Modified Crossbow,,
826,Molten Plate,,
827,Mooh'tah Plate,6000,
828,Mooh'tah Shell,110,
829,Moohtant Cudgel,14000,
830,Moohtant Horn,140,
831,Moon Backpack,,
832,Moonlight Crystals,,4
833,Moonlight Rod,200,
834,Morgaroth's Heart,,
835,Morning Star,100,
836,Mother Soil,5000,
837,Mouldy Cheese,,
838,Mr. Punish's Handcuffs,,
839,Muck Rod,,
840,Mucus Plug,500,
841,Mushroom Backpack,,
842,Music Box,,
843,Music Sheet,,
844,Musician's Bow,,
845,Mutated Bat Ear,420,
846,Mutated Flesh,50,
847,Mutated Rat Tail,150,
848,Mycological Bow,,
849,Mycological Bow,,
850,Mycological Mace,,
851,Mysterious Fetish,50,
852,Mysterious Remains,,120
853,Mysterious Scroll,,
854,Mysterious Voodoo Skull,4000,
855,Mystic Blade,30000,
856,Mystic Turban,,
857,Mystical Hourglass,700,
858,Mythril Axe,,
859,Naginata,2000,
860,Nail,10,
861,Nail Case,,
862,Native Armor,,
863,Natural Soil,2000,
864,Necklace of the Deep,3000,
865,Necromancer Shield,,
866,Necromantic Robe,250,
867,Necromantic Rust,390,
868,Necrotic Rod,1000,
869,Nettle Blossom,75,
870,Nettle Spit,25,
871,Nightmare Beacon,,
872,NIghtmare Blade,35000,
873,Nightmare Hook,,
874,Nightmare Horn,,
875,Nightmare Shield,,
876,Noble Armor,900,
877,Noble Axe,10000,
878,Noble Turban,430,
879,Norse Shield,1500,
880,Northern Pike,,
881,Northern Star,,
882,Northwind Rod,1500,
883,Nose Ring,,
884,Obsidian Lance,500,
885,Obsidian Truncheon,,
886,Obujos' Shell,,
887,Obvious Piece of Cloth,,
888,Oceanborn Leviathan Armor,,
889,Odd Hat,,
890,Odd Organ,410,
891,Ogre Choppa,1500,
892,Ogre Ear Stud,180,
893,Ogre Klubba,2500,
894,Ogre Nose Ring,,
895,Ogre Scepta,3600,
896,Old and Used Backpack,,
897,Old Cape,,
898,Old Parchment,,
899,Old Rag,,
900,Ominous Piece of Cloth,,
901,One Hit Wonder,,
902,Onyx Arrow,7,
903,Onyx Chip,500,
904,Onyx Flail,22000,
905,Onyx Pendant,,
906,Opal,500,
907,Orange Book,30,
908,Orb,750,
909,Orb,750,
910,Orc Leather,30,0.5
911,Orc Tooth,,
912,Orc Trophy,1000,
913,Orc Tusk,,
914,Orcish Axe,350,
915,Orcish Gear,85,1.8
916,Orcish Maul,6000,
917,Orichalcum Pearl,40,
918,Oriental Shoes,15000,
919,Ornamented Axe,,
920,Ornamented Brooch,,
921,Ornamented Shield,1500,
922,Ornate Chestplate,,
923,Ornate Crossbow,12000,
924,Ornate Legs,,
925,Ornate Mace,,
926,Ornate Shield,,
927,Orshabaal's Brain,,
928,Pair of Earmuffs,1500,
929,Pair of Hellflayer Horns,1300,12
930,Pair of Iron Fists,4000,
931,Pair of Soft Boots,,
932,Paladin Armor,,
933,Panpipes,,
934,Panther Head,,
935,Panther Paw,,
936,Part of a Rune,,
937,Party Hat,,
938,Patched Boots,,
939,Peacock Feather Fan,350,
940,Peanut,,
941,Peg Leg,,
942,Pelvis Bone,30,
943,Perfect Behemoth Fang,,
944,Petrified Scream,,
945,Pharaoh Banner,,
946,Pharaoh Sword,,
947,Phoenix Charm,,
948,Phoenix Egg,,
949,Phoenix Shield,,
950,Pick,15,
951,Piece of Archer Armor,20,
952,Piece of Crocodile Leather,15,
953,Piece of Dead Brain,420,
954,Piece of Draconian Steel,,
955,Piece of Hell Steel,,
956,Piece of Hellfire Armor,550,
957,Piece of Marble Rock,,
958,Piece of Massacre's Shell,,
959,Piece of Royal Steel,,
960,Piece of Scarab Shell,45,
961,Piece of Swampling Wood,30,
962,Piece of Warrior Armor,50,
963,Pieces of Magic Chalk,210,
964,Piercing Bolt,,
965,Pig Foot,10,
966,Piggy Bank,,
967,Pile of Grave Earth,25,
968,Pillow Backpack,,
969,Pirate Backpack,,
970,Pirate Boots,3000,
971,Pirate Hat,1000,
972,Pirate Knee Breeches,200,
973,Pirate Shirt,500,
974,Pirate Voodoo Doll,500,
975,Plague Bell,,
976,Plague Bite,,
977,Plague Mask,,
978,Plasma Pearls,250,3.5
979,Plasmatic Lightning,270,7
980,Plate Armor,400,
981,Plate Legs,115,
982,Plate Shield,45,
983,Platinum Amulet,2500,
984,Platinum Coin,100,
985,Platinum Token,,
986,Poet's Fencing Quill,,
987,Pointed Rabbitslayer,,
988,Poison Arrow,,
989,Poison Dagger,50,
990,Poison Spider Shell,10,
991,Poisoned Fang,130,
992,Poisonous Slime,50,0.8
993,Polar Bear Paw,,
994,Pool of Chitinous Glue,480,2.70
995,Porcelain Mask,,
996,Post Officers Hat,,
997,Power Bolt,,
998,Power Ring,50,
999,Precious Necklace,,
1000,Prismatic Armor,,
1001,Prismatic Bolt,20,
1002,Prismatic Boots,,
1003,Prismatic Helmet,,
1004,Prismatic Legs,,
1005,Prismatic Necklace,,
1006,Prismatic Quartz,450,
1007,Prismatic Ring,,
1008,Prismatic Shield,,
1009,Protection Amulet,100,
1010,Protective Charm,,
1011,Psychedelic Tapestry,,
1012,Pulverized Ore,400,
1013,Pure Energy,5000,
1014,Purple Robe,110,
1015,Purple Tome,2000,
1016,Quara Bone,500,
1017,Quara Eye,350,
1018,Quara Pincers,410,1.2
1019,Quara Tentacle,140,
1020,Queen's Sceptre,,
1021,Rabbit's Foot,,
1022,Ragnir Helmet,400,
1023,Rainbow Shield,,
1024,Rainbow Trout,100,
1025,Ranger Legs,,
1026,Ranger's Cloak,,
1027,Rapier,5,
1028,Rat God Doll,,
1029,Ratana,500,
1030,Ravager's Axe,,
1031,Ravenwing,,
1032,Raw Meat,,
1033,Reaper's Axe,,
1034,Red Crystal Fragment,800,
1035,Red Dragon Leather,,0.6
1036,Red Dragon Scale,,
1037,Red Gem,1000,
1038,Red Hair Dye,80,
1039,Red Lantern,250,
1040,Red Piece of Cloth,,
1041,Red Robe,,
1042,Red Tome,1000,
1043,Red Tunic,,
1044,Reins,,
1045,Relic Sword,25000,
1046,Rhino Hide,175,
1047,Rhino Horn,265,
1048,Rhino Horn Carving,300,
1049,Rift Bow,45000,
1050,Rift Crossbow,45000,
1051,Rift Lamp,,
1052,Rift Lamp,,
1053,Rift Lance,30000,
1054,Rift Shield,,
1055,Rift Tapestry,,
1056,Ring of Blue Plasma,,
1057,Ring of Ending,,
1058,Ring of Green Plasma,,
1059,Ring of Healing,,
1060,Ring of Red Plasma,,
1061,Ring of the Sky,,
1062,Ring of Wishes,,
1063,Ripper Lance,500,
1064,Robe of the Ice Queen,,
1065,Robe of the Underworld,,
1066,Rod of Carving,,
1067,Rod of Mayhem,,
1068,Rod of Remedy,,
1069,Ron the Ripper's Sabre,,
1070,Rope Belt,,
1071,Rorc Egg,120,
1072,Rorc Feather,70,
1073,Rose Shield,,
1074,Rotten Piece of Cloth,30,
1075,Royal Axe,40000,
1076,Royal Crossbow,,
1077,Royal Draken Mail,,
1078,Royal Helmet,30000,
1079,Royal Scale Robe,,
1080,Royal Spear,15,
1081,Royal Tapestry,1000,
1082,Rubber Cap,11000,
1083,Ruby Necklace,2000,
1084,Rum Flask,,
1085,Runed Sword,,
1086,Runic Ice Shield,,
1087,Rusty Winged Helmet,,
1088,Ruthless Axe,45000,
1089,Sabre,12,
1090,Sabretooth,,
1091,Sacred Tree Amulet,3000,
1092,Safety Pin,120,
1093,Sai,16500,
1094,Salamander Shield,280,
1095,Sandals,,
1096,Sandcrawler Shell,,
1097,Santa Hat,,
1098,Sapphire Amulet,,
1099,Sapphire Hammer,7000,
1100,Scale Armor,75,
1101,Scale of Corruption,680,
1102,Scale of Gelidrazah,10000,
1103,Scarab Amulet,200,
1104,Scarab Coin,100,
1105,Scarab Pincers,280,
1106,Scarab Shield,2000,
1107,Scarf,,
1108,Scimitar,150,
1109,Scorpion Sceptre,,
1110,Scorpion Tail,25,
1111,Scroll,,
1112,Scroll of Ascension,,
1113,Scroll of Heroic Deeds,230,
1114,Scythe,10,
1115,Scythe Leg,450,
1116,Scythe of the Reaper,,
1117,Sea Serpent Scale,520,
1118,Sea Serpent Trophy,10000,
1119,Seacrest Hair,260,1.80
1120,Seacrest Pearl,400,
1121,Seacrest Scale,150,
1122,Sedge Hat,,
1123,Seeds,,0.5
1124,Sentinel Shield,120,
1125,Serpent Sword,900,
1126,Shadow Mask,,
1127,Shadow Paint,,
1128,Shadow Sceptre,10000,
1129,Shaggy Ogre Bag,,
1130,Shaggy Tail,25,
1131,Shamanic Hood,45,
1132,Shamanic Mask,2000,
1133,Shamanic Talisman,200,
1134,Shapeshifter Ring,,
1135,Shard,,
1136,Shield of Care,,
1137,Shield of Corruption,,
1138,Shield of Honour,,
1139,Shield of the White Knight,,
1140,Shimmer Bow,,
1141,Shimmer Rod,,
1142,Shimmer Sword,,
1143,Shimmer Wand,,
1144,Shiny Blade,,
1145,Shiny Stone,,
1146,Shiver Arrow,,
1147,Shockwave Amulet,3000,
1148,Short Sword,10,
1149,Shroud of Despair,,
1150,Shrunken Head Necklace,,
1151,Sickle,3,
1152,Sight of Surrender's Eye,3000,
1153,Silencer Claws,,4.2
1154,Silencer Resonating Chamber,600,
1155,Silkweaver Bow,,
1156,Silky Fur,35,
1157,Silky Tapestry,,
1158,Silver Amulet,50,
1159,Silver Brooch,150,
1160,Silver Dagger,500,
1161,Silver Goblet,,
1162,Silver Mace,,
1163,Silver Necklace,,
1164,Silver Raid Token,,
1165,Silver Token,,
1166,Simple Arrow,,
1167,Simple Dress,,
1168,Skeleton Decoration,3000,
1169,Skeleton Decoration,3000,
1170,Skull Belt,80,
1171,Skull Candle,,
1172,Skull Fetish,250,
1173,Skull Helmet,40000,
1174,Skull Shatterer,170,
1175,Skull Staff,6000,
1176,Skullcracker Armor,18000,
1177,Skullcrusher,,
1178,Skunk Tail,50,
1179,Slayer of Carving,,
1180,Slayer of Mayhem,,
1181,Slayer of Remedy,,
1182,Slime Heart,160,
1183,Slime Mould,,
1184,Slimy Leaf Tentacle,320,
1185,Slingshot,,
1186,Slug Drug,,
1187,Small Amethyst,200,
1188,Small Blue Pillow,,
1189,Small Diamond,300,
1190,Small Emerald,250,
1191,Small Enchanted Amethyst,,
1192,Small Enchanted Emerald,,
1193,Small Enchanted Ruby,,
1194,Small Enchanted Sapphire,,
1195,Small Energy Ball,250,
1196,Small Flask of Eyedrops,95,
1197,Small Notebook,480,
1198,Small Oil Lamp,150,
1199,Small Oil Lamp,150,
1200,Small Pitchfork,70,
1201,Small Ruby,250,
1202,Small Sapphire,250,
1203,Small Stone,,
1204,Small Topaz,200,
1205,Snake God's Sceptre,,
1206,Snake God's Wristguard,,
1207,Snake Skin,400,
1208,Snakebite Rod,100,
1209,Sniper Arrow,,
1210,Sniper Gloves,,
1211,Snowball,,
1212,Solar Axe,,
1213,Soldier Helmet,19,
1214,Solid Rage,310,3
1215,Solitude Charm,,
1216,Some Grimeleech Wings,,8.6
1217,Sorc and Druid Staff,,
1218,Soul Orb,,
1219,Soul Stone,,
1220,Souleater Trophy,7500,
1221,Spark Sphere,,
1222,Sparking Rainbow Shield,,
1223,Sparkion Claw,290,
1224,Sparkion Legs,310,7.5
1225,Sparkion Stings,280,3.5
1226,Sparkion Tail,300,
1227,Spear,3,
1228,Spectral Dress,15000,
1229,Spellbook,,
1230,Spellbook of Ancient Arcana,,
1231,Spellbook of Dark Mysteries,,
1232,Spellbook of Enlightenment,4000,
1233,Spellbook of Lost Souls,19000,
1234,Spellbook of Mind Control,13000,
1235,Spellbook of the Novice,,
1236,Spellbook of Vigilance,,
1237,Spellbook of Warding,8000,
1238,Spellscroll of Prophecies,,
1239,Spellsinger's Seal,280,
1240,Spellweaver's Robe,12000,
1241,Spider Fangs,10,0.5
1242,Spider Silk,,0.1
1243,Spidris Mandible,450,
1244,Spike Shield,250,
1245,Spike Sword,1000,
1246,Spiked Iron Ball,100,
1247,Spiked Squelcher,5000,
1248,Spiky Club,300,
1249,Spirit Cloak,350,
1250,Spirit Container,40000,
1251,Spiritual Charm,,
1252,Spitter Nose,340,
1253,Spooky Blue Eye,95,
1254,Spool of Yarn,,1
1255,Springsprout Rod,3600,
1256,Staff,1,
1257,Stale Bread of Ancientness,,
1258,Stampor Horn,,
1259,Stampor Talons,,
1260,Star Amulet,500,
1261,Star Herb,15,
1262,Star Ring,,
1263,Stealth Ring,,
1264,Steel Axe,,
1265,Steel Boots,30000,
1266,Steel Helmet,293,
1267,Steel Shield,80,
1268,Stone Herb,20,
1269,Stone Nose,590,
1270,Stone of Insight,,
1271,Stone Skin Amulet,500,
1272,Stone Wing,120,
1273,Stonecutter Axe,,
1274,Strand of Medusa Hair,600,
1275,Strange Good Night Songs,,
1276,Strange Helmet,500,
1277,Strange Proto Matter,300,6
1278,Strange Symbol,200,
1279,Strange Talisman,25,
1280,String of Mending,,
1281,Striped Fur,50,1.2
1282,Strong Health Potion,100,
1283,Strong Mana Potion,80,
1284,Studded Armor,25,
1285,Studded Club,10,
1286,Studded Helmet,20,
1287,Studded Legs,15,
1288,Studded Shield,16,
1289,Stuffed Dragon,6000,
1290,Stuffed Toad,,
1291,Sugar Oat,,2
1292,Sulphurous Stone,100,
1293,Summer Dress,,
1294,Supreme Health Potion,500,
1295,Surprise Cube,,
1296,Swamp Grass,20,0.94
1297,Swamplair Armor,16000,
1298,Swampling Club,40,
1299,Swampling Moss,20,
1300,Swarmer Antenna,130,
1301,Sweet Smelling Bait,,
1302,Sweetheart Ring,,
1303,Sword,25,
1304,Sword Ring,100,
1305,Tail of Corruption,240,
1306,Talon,,
1307,Tanjis' Sight,,
1308,Tarantula Egg,80,
1309,Tarnished Rhino Figurine,320,
1310,Tarsal Arrow,,
1311,Tattered Piece of Robe,120,
1312,Tatty Dragon Scale Legs,,
1313,Taurus Mace,500,
1314,Technomancer Beard,,
1315,Tempest Shield,,
1316,Templar Scytheblade,200,
1317,Tentacle Piece,,
1318,Terra Amulet,1500,
1319,Terra Boots,2500,
1320,Terra Hood,2500,
1321,Terra Legs,11000,
1322,Terra Mantle,11000,
1323,Terra Rod,2000,
1324,Terramite Eggs,50,
1325,Terramite Legs,60,1.15
1326,Terramite Shell,170,
1327,Terran Rainbow Shield,,
1328,Terrorbird Beak,95,
1329,Thaian Sword,,
1330,The Avenger,,
1331,The Calamity,,
1332,The Chiller,,
1333,The Devileye,,
1334,The Epic Wisdom,,
1335,The Epiphany,,
1336,The Handmaiden's Protector,,
1337,The Heart of the Sea,,
1338,The Imperor's Trident,,
1339,The Ironworker,,
1340,The Justice Seeker,40000,
1341,The Lethal Lissy's Shirt,,
1342,The Lion's Heart,,
1343,The Plasmother's Remains,,
1344,The Rain Coat,,
1345,The Scorcher,,
1346,The Shield Nevermourn,,
1347,The Stomper,,
1348,The Vampire Count's Medal,,
1349,Thick Fur,150,1.25
1350,Thorn,100,
1351,Thorn Seed,,
1352,Thorn Spitter,,
1353,Throwing Cake,,
1354,Throwing Knife,,
1355,Throwing Star,,
1356,Thunder Hammer,,
1357,Thunderheart Cuirass,,
1358,Thunderheart Hauberk,,
1359,Thunderheart Platemail,,
1360,Thundermind Raiment,,
1361,Thundersoul Tabard,,
1362,Tiara of Power,,
1363,Tiger Eye,350,
1364,Time Ring,,
1365,Tin Key,,
1366,Tinder Box,,
1367,Titan Axe,4000,
1368,Titanium Token,,
1369,Tooth File,60,
1370,Tooth of Tazhadur,10000,
1371,Tortoise Shield,150,
1372,Tower Shield,8000,
1373,Trapped Bad Dream Monster,900,
1374,Trapped Lightning,,
1375,Treader of Torment,,
1376,Treasure Map,,
1377,Tribal Mask,250,
1378,Triple Bolt Crossbow,,
1379,Troll Green,25,
1380,Trollroot,50,
1381,Trousers of the Ancients,,
1382,Tunic,,
1383,Turtle Shell,,
1384,Tusk,,
1385,Tusk Shield,850,
1386,Twiceslicer,28000,
1387,Twin Axe,,
1388,Twin Hooks,500,
1389,Twin Sun Charm,,
1390,Two Handed Sword,450,
1391,Ultimate Health Potion,310,
1392,Ultimate Mana Potion,350,
1393,Ultimate Spirit Potion,350,
1394,Umbral Axe,,
1395,Umbral Blade,,
1396,Umbral Bow,,
1397,Umbral Chopper,,
1398,Umbral Crossbow,,
1399,Umbral Hammer,,
1400,Umbral Mace,,
1401,Umbral Master Axe,,
1402,Umbral Master Bow,,
1403,Umbral Master Chopper,,
1404,Umbral Master Crossbow,,
1405,Umbral Master Hammer,,
1406,Umbral Master Mace,,
1407,Umbral Master Slayer,,
1408,Umbral Master Spellbook,,
1409,Umbral Masterblade,,
1410,Umbral Slayer,,
1411,Umbral Spellbook,,
1412,Undead Heart,200,
1413,Underworld Rod,4400,
1414,Unholy Bone,480,
1415,Unholy Book,,
1416,Unity Charm,,
1417,Unrealized Dream,,
1418,Unstable Ring of Ending,,
1419,Vampire Dust,,1
1420,Vampire Lord Token,,
1421,Vampire Shield,15000,
1422,Vampire Silk Slippers,,
1423,Vampire Silk Slippers,,
1424,Vampire Teeth,,0.5
1425,Vampire's Cape Chain,150,
1426,Vampire's Signet Ring,,
1427,Vase,,
1428,Vein of Ore,330,
1429,Velvet Mantle,,
1430,Velvet Tapestry,800,
1431,Venison,55,3.80
1432,Vexclaw Talon,,
1433,Vibrant Egg,,
1434,Viking Helmet,66,
1435,Viking Shield,85,
1436,Vile Axe,35000,
1437,Violet Crystal Shard,1500,
1438,Violet Gem,10000,
1439,Viper Star,,
1440,Viper Star,,
1441,Visage of the End Days,,
1442,Void Boots,,
1443,Volatile Proto Matter,300,6
1444,Voltage Armor,,
1445,Voluminous Piece of Cloth,,
1446,Voodoo Doll,,
1447,Vortex Bolt,,
1448,Wailing Widow's Necklace,3000,
1449,Walnut,50,
1450,Wand of Carving,,
1451,Wand of Cosmic Energy,2000,
1452,Wand of Decay,1000,
1453,Wand of Defiance,,
1454,Wand of Dimensions,,
1455,Wand of Draconia,1500,
1456,Wand of Dragonbreath,200,
1457,Wand of Everblazing,,
1458,Wand of Inferno,3000,
1459,Wand of Mayhem,,
1460,Wand of Remedy,,
1461,Wand of Starstorm,3600,
1462,Wand of Voodoo,4400,
1463,Wand of Vortex,100,
1464,War Axe,12000,
1465,War Crystal,460,
1466,War Drum,,
1467,War Hammer,1200,
1468,War Horn,8000,
1469,War Horn,8000,
1470,Warlord Sword,,
1471,Warmaster's Wristguards,,1.20
1472,Warrior Helmet,5000,
1473,Warrior's Axe,11000,
1474,Warrior's Shield,9000,
1475,Warsinger Bow,,
1476,Warwolf Fur,30,1.05
1477,Waspoid Claw,320,
1478,Waspoid Wing,,
1479,Waterskin,,
1480,Weaver's Wandtip,250,
1481,Wedding Ring,100,
1482,Werebadger Claws,160,1.1
1483,Werebadger Skull,185,
1484,Werebadger Trophy,9000,
1485,Werebear Fur,185,5
1486,Werebear Skull,195,5
1487,Werebear Trophy,11000,
1488,Wereboar Hooves,175,2.5
1489,Wereboar Loincloth,1500,
1490,Wereboar Trophy,10000,
1491,Wereboar Tusk,165,
1492,Werewolf Amulet,,
1493,Werewolf Fang,180,
1494,Werewolf Fur,380,1.13
1495,Werewolf Helmet,,
1496,White Deer Antlers,400,3
1497,White Deer Skin,245,3
1498,White Dress,,
1499,White Pearl,160,
1500,White Piece of Cloth,,
1501,Widow's Mandibles,110,1.05
1502,Wimp Tooth Chain,120,
1503,Windborn Colossus Armor,,
1504,Winged Helmet,,
1505,Winged Tail,800,
1506,Winning Lottery Ticket,,
1507,Winter Wolf Fur,20,1.1
1508,Witch Broom,60,
1509,Witch Hat,,
1510,Witchhunter's Coat,,
1511,Wolf Backpack,,
1512,Wolf Paw,,
1513,Wolf Tooth Chain,100,
1514,Wolf Trophy,3000,
1515,Wood,50,
1516,Wood Cape,,
1517,Wooden Flute,,
1518,Wooden Shield,5,
1519,Wooden Sword,,
1520,Wooden Whistle,,
1521,Wool,,1.18
1522,Worn Firewalker Boots,,
1523,Worn Soft Boots,,
1524,Wyrm Scale,400,
1525,Wyvern Fang,1500,
1526,Wyvern Talisman,265,
1527,Yalahari Armor,,
1528,Yalahari Leg Piece,,
1529,Yalahari Mask,,
1530,Yellow Gem,1000,
1531,Yellow Piece of Cloth,,
1532,Yielocks,600,2.95
1533,Yielowax,600,4.75
1534,Yol's Bow,,
1535,Zaoan Armor,14000,
1536,Zaoan Halberd,500,
1537,Zaoan Helmet,45000,
1538,Zaoan Legs,14000,
1539,Zaoan Robe,12000,
1540,Zaoan Shoes,5000,
1541,Zaoan Sword,30000,
1542,Zaogun Flag,600,
1543,Zaogun Shoulderplates,150,1.03